{
  "hash": "8f8a88ce",
  "configHash": "957e945d",
  "lockfileHash": "4f59415b",
  "browserHash": "5212b41d",
  "optimized": {
    "@angular/common": {
      "src": "../../../../../../node_modules/@angular/common/fesm2022/common.mjs",
      "file": "@angular_common.js",
      "fileHash": "78f96df3",
      "needsInterop": false
    },
    "@angular/core": {
      "src": "../../../../../../node_modules/@angular/core/fesm2022/core.mjs",
      "file": "@angular_core.js",
      "fileHash": "6944a205",
      "needsInterop": false
    },
    "@angular/forms": {
      "src": "../../../../../../node_modules/@angular/forms/fesm2022/forms.mjs",
      "file": "@angular_forms.js",
      "fileHash": "8fbb5943",
      "needsInterop": false
    },
    "@angular/platform-browser": {
      "src": "../../../../../../node_modules/@angular/platform-browser/fesm2022/platform-browser.mjs",
      "file": "@angular_platform-browser.js",
      "fileHash": "15783735",
      "needsInterop": false
    },
    "@angular/router": {
      "src": "../../../../../../node_modules/@angular/router/fesm2022/router.mjs",
      "file": "@angular_router.js",
      "fileHash": "e98f077b",
      "needsInterop": false
    }
  },
  "chunks": {
    "chunk-VNYNETNO": {
      "file": "chunk-VNYNETNO.js"
    },
    "chunk-YL4PDYQD": {
      "file": "chunk-YL4PDYQD.js"
    },
    "chunk-4W46YXB2": {
      "file": "chunk-4W46YXB2.js"
    }
  }
}