{
  "hash": "81e9ee26",
  "configHash": "b7f8d032",
  "lockfileHash": "c9846e17",
  "browserHash": "21c430bb",
  "optimized": {
    "@angular/common": {
      "src": "../../../../../../node_modules/@angular/common/fesm2022/common.mjs",
      "file": "@angular_common.js",
      "fileHash": "68d57742",
      "needsInterop": false
    },
    "@angular/core": {
      "src": "../../../../../../node_modules/@angular/core/fesm2022/core.mjs",
      "file": "@angular_core.js",
      "fileHash": "550034de",
      "needsInterop": false
    },
    "@angular/platform-browser": {
      "src": "../../../../../../node_modules/@angular/platform-browser/fesm2022/platform-browser.mjs",
      "file": "@angular_platform-browser.js",
      "fileHash": "9c3368d3",
      "needsInterop": false
    },
    "@angular/router": {
      "src": "../../../../../../node_modules/@angular/router/fesm2022/router.mjs",
      "file": "@angular_router.js",
      "fileHash": "5cebf478",
      "needsInterop": false
    }
  },
  "chunks": {
    "chunk-2L73ZUI6": {
      "file": "chunk-2L73ZUI6.js"
    },
    "chunk-LNGJQ4BE": {
      "file": "chunk-LNGJQ4BE.js"
    },
    "chunk-NTS2FYPI": {
      "file": "chunk-NTS2FYPI.js"
    }
  }
}