{
  "hash": "576330d9",
  "configHash": "935dc55f",
  "lockfileHash": "f4f2dc16",
  "browserHash": "8b79c426",
  "optimized": {
    "@angular/common": {
      "src": "../../../../../../node_modules/@angular/common/fesm2022/common.mjs",
      "file": "@angular_common.js",
      "fileHash": "1ba28ceb",
      "needsInterop": false
    },
    "@angular/core": {
      "src": "../../../../../../node_modules/@angular/core/fesm2022/core.mjs",
      "file": "@angular_core.js",
      "fileHash": "78ff6061",
      "needsInterop": false
    },
    "@angular/platform-browser": {
      "src": "../../../../../../node_modules/@angular/platform-browser/fesm2022/platform-browser.mjs",
      "file": "@angular_platform-browser.js",
      "fileHash": "378e2f2e",
      "needsInterop": false
    },
    "@angular/router": {
      "src": "../../../../../../node_modules/@angular/router/fesm2022/router.mjs",
      "file": "@angular_router.js",
      "fileHash": "9e299b31",
      "needsInterop": false
    }
  },
  "chunks": {
    "chunk-2L73ZUI6": {
      "file": "chunk-2L73ZUI6.js"
    },
    "chunk-LNGJQ4BE": {
      "file": "chunk-LNGJQ4BE.js"
    },
    "chunk-NTS2FYPI": {
      "file": "chunk-NTS2FYPI.js"
    }
  }
}