{
  "hash": "aa3f9d1d",
  "configHash": "d98e85f9",
  "lockfileHash": "ccb8334d",
  "browserHash": "9d2acfc2",
  "optimized": {
    "@angular/common": {
      "src": "../../../../../../node_modules/@angular/common/fesm2022/common.mjs",
      "file": "@angular_common.js",
      "fileHash": "2ee1896b",
      "needsInterop": false
    },
    "@angular/core": {
      "src": "../../../../../../node_modules/@angular/core/fesm2022/core.mjs",
      "file": "@angular_core.js",
      "fileHash": "a18983d2",
      "needsInterop": false
    },
    "@angular/platform-browser": {
      "src": "../../../../../../node_modules/@angular/platform-browser/fesm2022/platform-browser.mjs",
      "file": "@angular_platform-browser.js",
      "fileHash": "79e8227e",
      "needsInterop": false
    },
    "@angular/router": {
      "src": "../../../../../../node_modules/@angular/router/fesm2022/router.mjs",
      "file": "@angular_router.js",
      "fileHash": "a32dc7f1",
      "needsInterop": false
    },
    "rxjs": {
      "src": "../../../../../../node_modules/rxjs/dist/esm5/index.js",
      "file": "rxjs.js",
      "fileHash": "588279bd",
      "needsInterop": false
    }
  },
  "chunks": {
    "chunk-T4J6LEOU": {
      "file": "chunk-T4J6LEOU.js"
    },
    "chunk-KOO6HHSS": {
      "file": "chunk-KOO6HHSS.js"
    },
    "chunk-VU6X2Q5G": {
      "file": "chunk-VU6X2Q5G.js"
    },
    "chunk-5TID76VL": {
      "file": "chunk-5TID76VL.js"
    }
  }
}